blowjob;323835
amateur;190700
hardcore;91709
anal;53402
pussy;42631
teen;33505
fetish;27390
blonde;24196
asian;21593
gay;19246
sex;18246
big;15668
lesbian;13681
brunette;11844
milf;8481
sexy;7498
cumshot;7347
black;5984
fuck;5501
ass;4665
shemale;4187
gostosa;4145
bdsm;3957
masturbation;3902
tits;3379
lesbians;3205
girl;3159
porn;3079
gay-anal;2881
fucking;2867
-;2666
group;2530
webcam;2437
threesome;2356
cum;2295
latina;2249
movie;2231
mature;2081
busty;1963
babe;1790
japanese;1776
the;1697
sexo;1580
femdom;1577
indian;1544
interracial;1502
hot;1427
hentai;1364
piss;1276
russian;1241
celebrity;1230
party;1169
whore;1133
cock;1107
amateurs;1100
bigtits;1061
ebony;992
with;938
teens;914
european;856
fucked;830
hymen;786
and;779
solo;758
eusexvideos;758
azhotporn;749
puta;741
german;739
this;732
a;678
adams;675
dildo;674
18yearsold;666
porno;650
alexis;645
pornstar;618
bbw;607
naked;606
marie;560
public;558
cam;544
young;538
fingering;528
creampie;520
de;512
monica;501
bigcock;486
gangbang;462
2011;454
skinny;452
wife;449
wrestling;443
xxx;442
vintage;430
check;425
family;421
lynn;409
yeknom;403
girls;394
softcore;388
18years;387
free;380
amador;379
animation;379
stockings;378
handjob;365
voyeur;357
blond;351
hugetits;343
argentina;343
still;342
bigass;337
brazil;332
ferraz;325
peru;322
cumshots;312
horny;303
safada;303
lisa;302
azeri;294
bisexual;293
mexicana;287
666maniak;279
butt;279
POV;274
erotic;271
gay-fucking;271
sucking;268
jessica;264
actress;264
lane;260
redhead;260
lovers;257
arab;256
gretchen;255
muscle;255
casero;247
in;244
homemade;241
feet;241
compilation;236
banged;234
babes;229
japan;228
soloboy;227
venezuela;226
colombia;222
adult;221
massage;221
culo;217
hairy;216
holly;215
brasil;213
18;212
morena;210
2010;207
asshole;206
boobs;205
download;200
orgy;195
linda;194
dan;192
facial;191
briana;190
brooke;190
forced;189
beautiful;185
pussyfucking;182
french;182
video;178
booty;175
no;174
slut;170
star;169
mexicanas;169
2;168
masturbating;166
cbt;162
balloon;161
blowjobs;159
love;158
1on1;158
buceta;155
vipefamose;155
bondage;153
squirting;151
2012;150
sweet;150
realamateur;150
all;149
nicole;148
strip;145
pissing;144
mom;142
roberts;141
analfuck;140
tetas;140
nasty;140
double;139
her;138
couple;137
spanking;137
cocksuck;135
paes;135
big-tits;134
swallow;132
clip;130
esposa;129
fisting;126
punheta;124
transvestite;124
chick;122
penis;122
beauty;121
domination;120
reality;119
fucks;118
fart;118
anal-fuck;115
swingers;115
blackcock;114
casada;113
upskirt;113
bukkake;112
poltergeist;112
funk;111
latinas;110
rio;109
dirty;108
pregnant;108
filmed;108
outdoor;107
italian;106
lee;105
en;105
old;104
1;104
bizarre;103
adictoati;102
oral;102
suck;101
nude;101
putas;101
---;101
caseras;100
area;99
3d;99
nice;98
amwf;95
amatuer;95
college;95
js;94
riding;92
off;90
adriana;90
blackonwhite;90
thai;89
super;89
piojosas;88
during;87
girlfriend;87
facesitting;87
peruana;86
caps;84
deepthroat;84
classic;83
hillary;83
paris;83
casting;83
lemos;83
gets;82
3some;81
show;81
tease;81
amadoras;81
barbie;80
squirt;78
first;77
pantyhose;77
masturbacion;77
foursome;77
head;77
gang;77
xvideos;76
brasileira;74
peeing;74
chilena;73
asslicking;73
18yo;71
mother;71
bigboobs;70
enema;70
paulo;69
nikki;69
sperm;69
footjob;68
dick;68
manila;68
rachel;67
throat;67
cumming;66
19;66
on;66
sunny;65
audrey;65
to;64
natasha;64
colombiana;64
striptease;64
job;64
long;63
action;62
01;62
blackwoman;62
alexa;62
addict;61
chubby;61
ultra;61
sandra;61
rica;60
rose;60
puffynipples;60
strapon;59
brazilian;59
dance;59
trans;59
bitch;59
rebolando;59
cute;59
grande;59
fur;58
masturbate;58
cosplay;58
amber;57
british;57
eating;57
naughty;57
la;57
nepali;57
angelina;56
tight;55
desi;55
angel;55
babysitter;55
masterbation;55
doggy;55
spanish;54
older;54
my;54
extreme;54
mamada;53
pakistani;53
mulheres;53
playboy;52
white;52
minas;52
interacial;52
scandal;52
crossdresser;52
lesbianas;51
huge;51
ramon;51
pussylicking;51
mi;51
turkish;50
licking;50
lea;49
daughter;49
james;49
dot;49
france;49
sleeping;49
cumpilation;49
zorra;49
phimsex;49
sister;48
priscilla;48
gay-stud;48
hard;48
analsex;48
cartoon;48
gays;47
adultery;47
orgasm;47
02;47
cunts;46
3;46
hottie;46
mexico;46
amature;46
blow-job;46
kelly;45
smoking;44
cfnm;44
vietnam;44
sky;44
secretary;43
assfuck;43
michaels;43
guarras;43
ana;43
funny;42
bisex;42
moore;42
pie;42
granny;42
novinha;41
dp;41
seductive;41
acrobat;41
sexgame;41
latex;41
jenna;41
catfight;40
teacher;40
hood;40
celeb;40
taylor;40
hidden;39
tattoo;39
na;39
doggystyle;39
con;38
roxina;38
bella;38
vagina;38
nurse;37
schoolgirl;37
jada;37
korean;37
cuzinho;37
sluts;37
verga;37
colombianas;37
of;37
humiliation;37
mexican;36
--;36
titfuck;36
home;36
20;36
culona;36
criollas;35
cheeks;35
haylazadam;35
gloryhole;35
diamond;35
petite;35
india;34
peruanas;34
cumfacial;34
big-ass;34
erotica;34
pornstars;34
ejaculation;34
webcams;34
cachonda;34
wet;33
gozada;33
africa;33
msn;33
lesbo;32
rico;32
asiangirl;32
beach;32
pinay;32
fbb;32
100;32
anyou;32
up;31
steele;31
carmen;31
west;30
cocks;30
e;30
maria;30
me;30
hetero;30
slave;30
amadora;29
original;29
bangla;29
sara;29
panties;29
21sextury;29
naruto;29
trio;29
model;29
brandi;28
julia;28
bathroom;28
allholes;28
retro;28
victoria;27
dark;27
loira;27
forcedsex;27
adrianna;26
sophie;26
hermaphrodite;26
perreo;26
web;26
toys;26
nina;26
03;26
upskirts;26
teasing;26
mastubation;26
bigbooty;26
darksoccer;26
corno;25
milfs;25
anika;25
jap;25
american;25
ashley;25
arabic;25
chica;25
shower;24
159i;24
camshow;24
amateurwow;24
ava;24
spears;24
lexi;24
hadcore;24
music;23
doublepenetration;23
masterbating;23
gladiadora;23
sextape;23
foot;23
bikini;23
ggg;23
pleasure;23
fun;23
felix;23
jovencitas;23
culos;22
2008;22
da;22
new;22
deep;22
gangbanged;22
tetona;22
exam;22
machine;21
paja;21
natural;21
cuckold;21
rough;21
akira;21
cum-shot;21
sasha;21
kitty;21
sexclip2;21
riley;21
brasileirinhas;21
phimsexnhat;21
casal;21
jovencita;21
exhibition;21
harlot;21
waiting;21
bundas;20
gold;20
madura;20
hooker;20
boquete;20
encoxada;20
04;20
jones;20
maid;20
3-way;20
brasileiras;20
polish;20
summer;19
adam;19
sarah;19
ssbbw;19
club;19
bangbros;19
starr;19
kamasutra;19
dean;19
ayntritli50;19
tiffany;19
bcmxxx;19
mia;19
female;19
hot-jav;19
virgin;19
shemales;19
jolie;19
jasonbob;18
av;18
larue;18
anime;18
mulher;18
michelle;18
camfrog;18
yummy;18
lopez;18
amateure;18
assjob;18
2009;18
-----;18
part-1;17
saint;17
megan;17
caseiro;17
office;17
xxfuckerxx;17
whiteonblack;17
rebecca;17
cogiendo;17
latin;17
amazing;17
aunty;17
monster;17
18y;17
amateursex;17
wombstabber;17
pipe;17
april;17
putaria;16
por;16
dara;16
angelica;16
swallows;16
scott;16
bj;16
crossdressing;16
japaneseteens;16
novia;16
venezolanas;16
amy;16
celebrities;16
amadores;16
candy;16
alfred;16
is;16
big-boobs;16
fist;16
nishina;16
rubia;16
tyler;16
spit;15
argentinas;15
grandma;15
zorras;15
stone;15
play;15
indonesia;15
torbe;15
exposed;15
dream;15
hiddencam;15
austin;15
escort;15
stripper;15
bus;15
blojwob;15
swing;15
bareback;15
gayblowjob;15
dana;15
korea;15
anna;15
delete;15
cheerleader;15
viet;15
mallu;15
o;14
romanian;14
ivy;14
bangladeshi;14
candid;14
morgan;14
jade;14
asstoys;14
beurette;14
do;14
alana;14
demi;14
mistress;14
leche;14
milk;14
amante;14
good;14
valentine;14
twitcam;14
bing;14
red;14
fantasy;14
nun;14
chupando;14
from;14
bigdick;14
g;14
smith;14
jenny;14
homevideo;13
blondes;13
amteur;13
naomi;13
chase;13
wives;13
by;13
euro;13
tanaka;13
gaysex;13
livecams;13
bunny;13
famous;13
mastrubation;13
sissy;13
vanessa;13
stripping;13
aria;13
del;13
venezolana;13
argenta;13
juelz;13
veronica;13
mexicanos;13
outside;13
stylez;13
dorm;12
wank;12
china;12
farting;12
massagecreep;12
italia;12
midget;12
lily;12
crack;12
sextoys;12
gozando;12
follando;12
glamours;12
that;12
khan;12
swallowing;12
namorada;12
hardfuck;12
larissa;12
boz;12
dutch;12
rubbing;12
dee;12
flower;12
para;12
putita;12
train;12
fm30;12
homegrownflixcom;12
colombian;12
analfucking;12
sleep;12
nipples;12
parker;12
tera;12
5;12
lola;12
hotel;12
mommy;12
kross;12
baise;12
student;12
chile;11
for;11
21;11
penthouse;11
bunda;11
wants;11
cream;11
drunk;11
baby;11
esposas;11
roselip;11
amanda;11
19yo;11
arabe;11
lovely;11
oralsex;11
mouthfucked;11
mama;11
changera;11
gag;11
le;11
karter;11
lingerie;11
tranny;11
soft;11
asians;11
jennifer;11
siririca;11
ballbusting;11
ok;11
3sum;11
betovoyeur;11
melody;11
gina;11
amiga;11
jasmine;10
silver;10
legs;10
lady;10
a2m;10
filipina;10
jana;10
bignaturals;10
dancing;10
2on1;10
lezbian;10
brunete;10
eva;10
eve;10
groupsex;10
yoselin;10
adorable;10
food;10
facials;10
sperma;10
famosa;10
alyssa;10
cowgirl;10
x;10
shiny;10
aletta;10
cum-swallowing;10
patricia;10
peter;10
movies;10
fuckin;10
sybian;10
pink;10
travesti;10
parody;10
lima;10
katja;10
jayden;10
sofa;10
mastrubate;10
cumswallow;10
alex;10
toon;10
rae;10
flashing;10
fat;10
slideshow;10
pussylick;10
gqueen;10
panty;10
matures;9
tanga;9
bodybuilder;9
bigblackcock;9
cougar;9
prison;9
wildanal;9
se;9
at;9
asiatica;9
safadas;9
scene;9
jerkoff;9
silvia;9
monique;9
webcamchat;9
after;9
skye;9
flexible;9
atwd;9
3way;9
em;9
dildos;9
schoogirl;9
real;9
bride;9
housewife;9
lambe;9
suzuki;9
hd;9
eric;9
lucy;9
sexclip3;9
sophia;9
slutty;9
coroa;9
daddy;9
pamela;9
10;9
sologirl;9
iwabner;9
famosas;9
valentina;9
tit-fuck;9
pee;9
lena;9
monstercock;9
que;9
strippers;9
misty;9
topless;9
diana;9
karen;9
hmong;9
blackwomen;9
camara;9
she;9
phimsexmotminh;9
alicia;9
spycam;9
paraguayas;9
hole;8
part-2;8
innocent;8
peaches;8
khmer;8
sinz;8
rita;8
putinha;8
capri;8
pawg;8
anita;8
masturbandose;8
punxxx;8
telugu;8
nalgas;8
4some;8
mamadas;8
stevens;8
homegrown;8
leather;8
bigbutt;8
danielle;8
emma;8
mamando;8
taboo;8
bed;8
colegiala;8
infiel;8
23yo;8
men;8
bigcocks;8
revenge;8
girly;8
ginger;8
nyomi;8
gianna;8
canadian;8
culito;8
hijab;8
doctor;8
18tokyo;8
ass-fucking;8
videos;8
jackie;8
portugal;8
fleshlight;8
blolwjob;8
18nippon;8
vietnamese;8
negra;8
bear;8
samantha;8
analslut;8
gata;8
borracha;8
karina;8
cherry;8
bath;8
brother;8
lactation;8
r;8
joy;8
bigbutts;8
denise;8
heather;8
voyeurs;8
soles;8
nena;8
bollywood;8
ecuador;8
santos;8
asain;8
peach;8
egypt;8
presley;8
gostosas;7
melissa;7
has;7
twinks;7
whores;7
azz;7
time;7
alone;7
san;7
zoe;7
cameltoe;7
large;7
japan-schoolgirls;7
celebridades;7
freexxxy;7
crs;7
leon;7
von;7
swinger;7
agm;7
gay-;7
fuckers;7
toilet;7
trinity;7
cruz;7
aurora;7
closeup;7
jerking;7
break;7
trios;7
emo;7
bigbreasts;7
maya;7
youngteen;7
moreno;7
899porno;7
uncensored;7
masturbando;7
handjobs;7
taiwan;7
kate;7
angelface;7
mini;7
liza;7
tina;7
kim;7
diaper;7
laura;7
brazillian;7
pain;7
pussygaping;7
pau;7
gomez;7
shawna;7
two;7
acting;7
voyeurism;7
9hab;7
masterbate;7
boys;7
mujra;7
cuminmouth;7
allanal;7
mandingo;7
boss;7
tia;7
phoenix;7
nadia;7
lapdance;7
pissdrinking;7
blow;7
girlfucksguy;7
v;7
abbey;7
hunter;7
outdoors;7
doggie;7
girlfriends;7
will;7
mya;7
cibersexo;6
pinoy;6
cunt;6
czech;6
awesome;6
yomaira;6
isabel;6
s;6
espanolas;6
calcinha;6
thailand;6
ai;6
as;6
elena;6
male;6
courtney;6
alexandra;6
slavegirl;6
bianca;6
pussylips;6
high;6
perfect;6
delicia;6
geile;6
boobies;6
maturbation;6
lolita;6
germany;6
di;6
rimjob;6
maximum;6
test;6
brown;6
uniform;6
aline;6
diva;6
keri;6
redbone;6
romania;6
keralasex;6
israeli;6
assworship;6
dominican;6
pool;6
culotes;6
haley;6
sensual;6
kai;6
randi;6
rebeca;6
camera;6
arabian;6
afrika;6
asia;6
cindy;6
pareja;6
pete;6
it;6
famosasdoporno;6
sexygirls3x;6
african;6
pornoquetes;6
smothering;6
groped;6
small-tits;6
pounded;6
teenie;6
f;6
tickled;6
facialcumshot;6
school;6
faye;6
rai;6
prostitute;6
guatemala;6
anderson;6
beautifull;6
swedish;6
transsexuals;6
cubana;6
chloe;6
bridgette;6
cumonass;6
mainstream;6
sin;6
mika;6
wild;6
gothic;6
cheating;5
mastasia;5
hungary;5
rihanna;5
fox;5
son;5
happy;5
jynx;5
realemoexposed;5
camwhore;5
bolas;5
isabella;5
escorts;5
francaise;5
transexual;5
full;5
doggstyle;5
nacho;5
supabeast4;5
straight;5
gmagazine;5
katie;5
blackman;5
twink;5
imvu;5
face;5
defloration;5
atlanta;5
vn;5
petera;5
oldandyoung;5
big-cock;5
asian4less;5
bailando;5
orgasmo;5
night;5
gigi;5
kitten;5
spy;5
shizuka;5
footworship;5
seins;5
nautica;5
banks;5
trailer;5
lieuannhieu;5
salopes;5
juego;5
sentones;5
emmanuelle;5
cumonface;5
cumswallowing;5
duro;5
savannah;5
penny;5
gagging;5
piercing;5
guide;5
colegialas;5
room;5
porn-star;5
lorena;5
gym;5
mami;5
m;5
bad;5
sexclip4;5
tiny;5
cocksucking;5
publicados;5
piter21;5
boy;5
tokyo;5
mai;5
shake;5
chinata;5
miles;5
mark;5
suruba;5
bottle;5
culazo;5
jazmine;5
sucks;5
mms;5
cogida;5
couch;5
pornostar;5
perrito;5
insertion;5
ashlyn;5
sabrina;5
araujo;5
instant;5
japanesematures;5
like;5
oiled;5
salope;5
motel;5
vikktor123shicrete;5
gia;5
cool;5
exhibitionist;5
turk;5
caliente;5
or;5
mariah;5
nalgona;5
ladyboy;5
abuse;5
cogidas;5
jewel;5
pinto;4
luana;4
she-males;4
louise;4
erika;4
mujeres;4
uma;4
sol;4
siddik;4
jane;4
rola;4
assfucking;4
modelo;4
macho;4
tetonas;4
homevideos;4
prima;4
carina;4
velicity;4
nessa;4
kerala;4
world;4
cristine;4
yoga;4
doom;4
reyes;4
olivia;4
lesbiansex;4
assfucked;4
malorie;4
barely;4
kissing;4
bounce;4
erica;4
monyca;4
chat;4
loan;4
carrera;4
lucie;4
lei;4
puteiro;4
stephanie;4
kanadali01;4
latino;4
bree;4
lucky;4
h;4
cu;4
passion;4
luna;4
delivery;4
calle;4
special;4
bigtit;4
str8;4
vpjav;4
waitress;4
419;4
dhaka;4
fight;4
isis;4
henkie;4
cheater;4
amateru;4
el;4
kane;4
sport;4
heels;4
amputee;4
comics;4
chunky;4
chicks;4
gang-bang;4
amateuer;4
fucker;4
kianna;4
kara;4
kay;4
rocco;4
chaynes;4
yolo;4
faith;4
paola;4
gf;4
michael;4
assplay;4
sandy;4
70s;4
hd-german-teen-porno;4
polvos;4
blowljob;4
marido;4
bigareolas;4
tentacle;4
milan;4
cucas;4
sexclip1;4
lick;4
facefuck;4
kinky;4
paki;4
chibola;4
anal-sex;4
hotties;4
creamy;4
dreamboat;4
vagabunda;4
mary;4
money;4
carrino;4
4;4
christy;4
xdpx;4
kira;4
xoxota;4
britney;4
abcd;4
y;4
buena;4
sexual;4
dominatrix;4
aubrey;4
justin;4
webxemsex;4
jack;4
blue;4
julie;4
asses;4
ms;4
mr;4
wanking;4
toy;4
top;4
riohamasaki;4
expo;4
n;4
chupada;4
tit;4
espanol;4
chocolate;4
moms;4
chastity;4
bbc;4
andrea;4
celebs;4
woman;4
brasilian;4
sessoaltelefono;4
moglie;4
blondie;4
uncut;4
condom;4
roundass;4
humping;4
nipple;4
freak;4
car;4
claudia;4
summers;4
semen;4
blackporn;4
joi;4
titties;4
coroas;4
2waywebcamchat;4
double-penetration;4
english;4
rare;4
ex-girlfriend;4
perverted;3
blonde-white-ass-chubby-anal-pussy-kitchen;3
shaving;3
alenquer;3
sammie;3
pregnant-cam;3
gabriella;3
she-male;3
specialist;3
mei;3
dolcett;3
culote;3
bra;3
army;3
pussyfuck;3
debora;3
quoc;3
fever;3
pimpn;3
karachi;3
castle;3
creampied;3
baile;3
phimhiepdamtanbao;3
riona;3
mandy;3
n-0576;3
chichonas;3
evil;3
lesbi;3
redhair;3
coeds;3
tesstickle;3
vouyer;3
hollywood;3
cornudo;3
stocking;3
arrecha;3
rap;3
gabriela;3
rides;3
blowbang;3
audition;3
queen;3
triciatorres;3
chupeta;3
rabuda;3
fail;3
analwhore;3
lupe;3
kitchen;3
idol;3
ariana;3
fodendo;3
blackgirl;3
19144;3
eighteen;3
dildofuck;3
antistia;3
sakura;3
norwegian;3
charlie;3
desire;3
amor;3
security;3
portuguesa;3
sexmzi;3
amatoriale;3
tachibana;3
crystal;3
phatass;3
shit;3
transgender;3
devon;3
nicetits;3
madison;3
bignatural;3
hannah;3
gostoso;3
anne;3
team;3
asslick;3
andi;3
angela;3
roxanne;3
calientes;3
uruguay;3
orgia;3
boketeira;3
gaping;3
exhibitionism;3
close-up;3
golosa;3
tori;3
texas;3
interview;3
touching;3
benson;3
rock;3
lycra;3
obsession;3
trola;3
solomasturbation;3
analation;3
miley;3
t;3
caesras;3
katsumi;3
quay;3
taiwanese;3
12;3
colombiano;3
cassandra;3
bailey;3
winters;3
peruanita;3
tamaulipas;3
taradasso;3
hand-job;3
hungarian;3
brasileirinha;3
travestis;3
where;3
pump;3
teenporn;3
sunfire;3
transex;3
pakistan;3
6;3
spank;3
huge-tits;3
peruvian;3
tiger;3
photos;3
20inch;3
polla;3
amatrice;3
nandita;3
gatinha;3
luscious;3
afrodhite;3
styles;3
doll;3
racial;3
rimming;3
brittany;3
brazzers;3
crissy;3
banho;3
los;3
pusy;3
am;3
ceuta;3
you;3
students;3
parejas;3
chinese;3
throated;3
dildofucking;3
jessie;3
tamil;3
morgane;3
gay-boys;3
sadism;3
maroc;3
more;3
aunt;3
dress;3
fm;3
pajas;3
celular;3
pene;3
cutie;3
groper;3
blacks;3
06;3
satin;3
ding;3
guest;3
paint;3
banana;3
jamie;3
pompino;3
danish;3
cherokee;3
terry;3
veronika;3
gilf;3
fine;3
art;3
bald;3
foreign;3
musicvideo;3
nacional;3
kimberly;3
secret;3
espanola;3
algerie;3
alura;3
faldita;3
jpstockings;3
pornsoil;3
keys;3
nylon;3
game;3
-free;3
milena;3
exnovia;3
panochas;3
longnails;3
caseros;3
suckin;3
blwojob;3
ellen;3
freeadultvideoshd;3
hotwife;3
trampling;3
pussy-fucking;3
sindee;3
amantes;3
boots;3
maduras;3
sexe;3
les;3
sexx;3
armpit;3
angela155;3
ol;3
balls;3
spying;3
slim;3
gayhardcore;3
tay;3
smut;3
collection;3
pugliesecuckold;3
breast;3
madre;3
camgirl;3
dad;3
kiss;3
blackonblack;3
steal;3
evans;3
justine;3
daniela;3
teenagers;3
celebrites;3
mix;3
gritona;3
dbm;3
cholotube;3
father;3
jaime;3
putona;3
faketits;3
hottest;3
titten;3
bukakke;3
lust;3
sado;3
spitting;3
ass-licking;3
backroom;3
moretti;3
madurita;3
lesbienne;3
dicksucking;3
lost;3
hair;3
vai;3
van;3
shinobu;3
;2
bizzare;2
ninfetas;2
cojiendo;2
otra;2
messenger;2
meadows;2
orgasmos;2
oceane;2
cuernavaca;2
gaytwink;2
force;2
street;2
skyeblue;2
mason;2
menage;2
taryn;2
webcamsex;2
punishment;2
laetitia;2
cohf;2
janine;2
indians;2
deville;2
loona;2
holt;2
cocksucker;2
hitomi;2
hi;2
suceuse;2
lexxi;2
pizda;2
deutsche;2
burlamaqui;2
greek;2
exotic;2
bigdicks;2
personal;2
collegegirls;2
brasileiro;2
bigtitsroundass;2
l;2
anastasia;2
roxy;2
upload;2
bonus;2
lain;2
hermosa;2
vixen;2
ata;2
flaquita;2
bite;2
bi-sexual;2
thick;2
service;2
pis;2
firestarter;2
mindstem;2
jovenes;2
stuffed;2
punjabi;2
bouncing;2
insertions;2
esto;2
hentay;2
raw;2
hamemade;2
bootylicious;2
datosychicas;2
gallardo;2
ridingcock;2
cummings;2
prostituta;2
scissoring;2
gigistar;2
lethal;2
chileno;2
minifalda;2
9a7ba;2
rich;2
dj;2
df;2
tights;2
group-sex;2
best;2
08;2
prado;2
wc;2
goddess;2
brazilian-bbw;2
drilled;2
encontros;2
solo-girls;2
mizuno;2
charisma;2
ann;2
cum-swapping;2
mikesapartment;2
censored;2
teachers;2
howsex104;2
ecchireels;2
doggysytle;2
cumface;2
belle;2
suckdick;2
mylene;2
livejasmin;2
porn4less;2
rain;2
musical;2
aikawa;2
chatroulette;2
tattooed;2
gode;2
orion;2
tarzan;2
multiple;2
blackmail;2
erotico;2
annas;2
hughes;2
hiphop;2
sizzling;2
afternoon;2
bound;2
down;2
dominicana;2
america;2
sleepfuck;2
minaj;2
footfetish;2
navel;2
ryder;2
threeosme;2
skin;2
0;2
ass-fuck;2
culonas;2
cora;2
alina;2
santaneca;2
bi;2
witch;2
groups;2
rossi;2
dormida;2
cachondas;2
monterrey;2
ariel;2
visit;2
filme;2
rios;2
malay;2
cap;2
highheels;2
kream;2
winter;2
jazzmine;2
su;2
viki;2
sexgames;2
abbeybrooks;2
blackchickwhitedick;2
blows;2
ball-licking;2
saijo;2
photoshoot;2
afrique;2
compil;2
blodne;2
analcreampie;2
alison;2
bigbreast;2
cumload;2
chava;2
yuri;2
hermafroditas;2
babestation;2
xd;2
tamara;2
squirt-a-holics;2
jeannine;2
bigboob;2
pra;2
adela;2
adele;2
adolescentes;2
ukrainian;2
empregada;2
bengali;2
wynn;2
ebonyexposed;2
hotkhmer;2
behind;2
caroline;2
georgia;2
diamondforever;2
ffm;2
husband;2
hoes;2
grupal;2
kirsten;2
uzbek;2
xexoxe;2
mila;2
gluboko;2
mamona;2
marisa;2
eastern;2
divas;2
kareena;2
waka;2
asstomouth;2
guate;2
loirinha;2
cariocas;2
trip;2
deidre;2
hugecock;2
peluda;2
homemovie;2
laine;2
trujillo;2
nipote;2
models;2
bigblackdick;2
vivian;2
nudist;2
raylene;2
kascha;2
rusa;2
strapondildo;2
tarzanx;2
malone;2
kruz;2
cuminpussy;2
emily;2
daniella;2
seks;2
alberto;2
siblings;2
egyptian;2
venessa;2
sun;2
espia;2
gozo;2
amateurwowcom;2
ahead;2
stella;2
gorgeous;2
treesome;2
pinky;2
pepino;2
autumn;2
azul;2
airplane;2
ryo;2
w;2
ff;2
fetiche;2
tentacles;2
doubleanal;2
urine;2
layla;2
crisbel;2
28;2
tatuada;2
groping;2
out;2
katrina;2
boqueteira;2
ftv;2
7;2
fatass;2
beautifullst-breast-nipples;2
deja;2
pusslicking;2
kox;2
cocksucekrs;2
dani;2
lil;2
espiando;2
maitresse;2
kam;2
77;2
most;2
brisco;2
nenas;2
pretty;2
geinoujin;2
cartoons;2
toons;2
bare;2
ar;2
close;2
angie;2
assgaping;2
stripshow;2
pickup;2
thongs;2
silicone;2
last;2
fitness;2
darlene;2
jessica-miller;2
karla;2
oiled-up;2
bunduda;2
argentinian;2
nadasaka;2
vallejo;2
takizawa;2
monroe;2
italy;2
hot-1;2
cucumber;2
poland;2
tuga;2
partouze;2
pleasuring;2
brazillians;2
bamboo;2
some;2
back;2
kasia;2
ba;2
bu;2
carol;2
bgg;2
celeste;2
whipping;2
whooty;2
girlfuckguy;2
gozadas;2
smalltits;2
brazilians;2
ficken;2
fudendo;2
nam;2
misoux;2
rabudas;2
2007;2
monir;2
katy;2
golfer;2
gh;2
sena;2
scarlett;2
wendy;2
piernas;2
facebook;2
mamandomela;2
doublepenetrations;2
magic;2
jaylynn;2
ryan;2
marturbando;2
zz;2
chicago;2
assholefucking;2
schwanz;2
twins;2
desires;2
sexi;2
leo;2
sinh;2
cocksuckers;2
suckingcock;2
loca;2
incesto;2
tag;2
yuliya;2
tickling;2
allsex;2
claire;2
bathing;2
cage;2
shaking;2
glasses;2
beginner;2
bukake;2
rei;2
oriental;2
passwordsxxx;2
twat;2
xvideosonline;2
iksuli;2
unknown;2
grandpa;2
amater;2
tudung;2
tirana;2
sally;2
class;2
delivers;2
ivana;2
sesso;2
pissdrink;2
barranco;2
peruano;2
dogging;2
marta;2
jersey;2
zorrita;2
camfroqerorgig;2
bbb;2
present;2
cox;2
oppai;2
ball;2
drink;2
praia;2
rocio;2
burgos;2
safadinha;2
miami;2
deliciosa;2
gspot;2
ninfomana;2
garter;2
lesbicas;2
peladas;2
mancini;2
porra;2